teams,pid,aid,hid,shares
Non-Team,3,3,1,35.34
Non-Team,4,3,2,51.016998
Non-Team,5,3,3,36.659
Non-Team,6,3,4,48.535999
Non-Team,7,3,5,0
Non-Team,8,3,6,0
Non-Team,9,3,7,0
Non-Team,10,3,8,0
Non-Team,11,3,9,-.38100001
Non-Team,12,4,1,22.455999
Non-Team,13,4,2,11.541
Non-Team,14,4,3,33.993
Non-Team,15,4,4,0
Non-Team,16,4,5,32.269001
Non-Team,17,4,6,35.366001
Non-Team,18,4,7,0
Non-Team,19,4,8,0
Non-Team,20,4,9,0
Non-Team,21,5,1,0
Non-Team,22,5,2,0
Non-Team,23,5,3,0
Non-Team,24,5,4,0
Non-Team,25,5,5,0
Non-Team,26,5,6,0
Non-Team,27,5,7,49.888
Non-Team,28,5,8,47.597
Non-Team,29,5,9,112.743
Non-Team,30,6,1,11.426
Non-Team,31,6,2,11.571
Non-Team,32,6,3,27.531
Non-Team,33,6,4,27.408001
Non-Team,34,6,5,13.291
Non-Team,35,6,6,13.92
Non-Team,36,6,7,7.0089998
Non-Team,37,6,8,6.4070001
Non-Team,38,6,9,0
Non-Team,39,7,1,5.487
Non-Team,40,7,2,5.8569999
Non-Team,41,7,3,5.5960002
Non-Team,42,7,4,5.566
Non-Team,43,7,5,0
Non-Team,44,7,6,0
Non-Team,45,7,7,0
Non-Team,46,7,8,0
Non-Team,47,7,9,18.056
Non-Team,48,8,1,-59.071999
Non-Team,49,8,2,-17.459
Non-Team,50,8,3,28.93
Non-Team,51,8,4,28.926001
Non-Team,52,8,5,-37.891998
Non-Team,53,8,6,18.733999
Non-Team,54,8,7,18.421
Non-Team,55,8,8,.079000004
Non-Team,56,8,9,-42.500999
Non-Team,57,9,1,-227.05499
Non-Team,58,9,2,-130.758
Non-Team,59,9,3,-119.586
Non-Team,60,9,4,-125.211
Non-Team,61,9,5,0
Non-Team,62,9,6,0
Non-Team,63,9,7,20.900999
Non-Team,64,9,8,10.335
Non-Team,65,9,9,-11.416
Non-Team,66,10,1,26.955999
Non-Team,67,10,2,17.322001
Non-Team,68,10,3,28.157
Non-Team,69,10,4,33.32
Non-Team,70,10,5,0
Non-Team,71,10,6,0
Non-Team,72,10,7,-3.2479999
Non-Team,73,10,8,7.6760001
Non-Team,74,10,9,0
Non-Team,75,11,1,0
Non-Team,76,11,2,0
Non-Team,77,11,3,0
Non-Team,78,11,4,0
Non-Team,79,11,5,0
Non-Team,80,11,6,0
Non-Team,81,11,7,0
Non-Team,82,11,8,0
Non-Team,83,11,9,0
Non-Team,84,12,1,-29.922001
Non-Team,85,12,2,-23.184999
Non-Team,86,12,3,0
Non-Team,87,12,4,0
Non-Team,88,12,5,0
Non-Team,89,12,6,-16.802999
Non-Team,90,12,7,32.523998
Non-Team,91,12,8,30.330999
Non-Team,92,12,9,32.432999
Non-Team,93,13,1,10.063
Non-Team,94,13,2,5.7199998
Non-Team,95,13,3,26.927
Non-Team,96,13,4,10.924
Non-Team,97,13,5,6.448
Non-Team,98,13,6,-18.995001
Non-Team,99,13,7,6.7750001
Non-Team,100,13,8,12.56
Non-Team,101,13,9,-45.712002
Non-Team,102,14,1,29.882999
Non-Team,103,14,2,0
Non-Team,104,14,3,22.507999
Non-Team,105,14,4,22.379
Non-Team,106,14,5,0
Non-Team,107,14,6,-81.514
Non-Team,108,14,7,0
Non-Team,109,14,8,0
Non-Team,110,14,9,11.118
Non-Team,111,15,1,11.221
Non-Team,112,15,2,-38.897999
Non-Team,113,15,3,-65.219002
Non-Team,114,15,4,-67.752998
Non-Team,115,15,5,18.683001
Non-Team,116,15,6,-25.436001
Non-Team,117,15,7,-23.704
Non-Team,118,15,8,-22.358999
Non-Team,119,15,9,-21.212
Non-Team,120,16,1,0
Non-Team,121,16,2,0
Non-Team,122,16,3,0
Non-Team,123,16,4,0
Non-Team,124,16,5,0
Non-Team,125,16,6,0
Non-Team,126,16,7,0
Non-Team,127,16,8,0
Non-Team,128,16,9,0
Non-Team,129,17,1,0
Non-Team,130,17,2,0
Non-Team,131,17,3,0
Non-Team,132,17,4,0
Non-Team,133,17,5,0
Non-Team,134,17,6,0
Non-Team,135,17,7,0
Non-Team,136,17,8,0
Non-Team,137,17,9,0
Non-Team,138,18,1,-52.046001
Non-Team,139,18,2,-17.209
Non-Team,140,18,3,-171.08501
Non-Team,141,18,4,-118.964
Non-Team,142,18,5,-28.408001
Non-Team,143,18,6,-35.358002
Non-Team,144,18,7,-35.104
Non-Team,145,18,8,-19.021999
Non-Team,146,18,9,-24.816
Non-Team,147,19,1,13.621
Non-Team,148,19,2,12.001
Non-Team,149,19,3,26.643999
Non-Team,150,19,4,26.951
Non-Team,151,19,5,13.123
Non-Team,152,19,6,14.274
Non-Team,153,19,7,0
Non-Team,154,19,8,0
Non-Team,155,19,9,30.507
Non-Team,156,20,1,44.057999
Non-Team,157,20,2,0
Non-Team,158,20,3,0
Non-Team,159,20,4,0
Non-Team,160,20,5,0
Non-Team,161,20,6,0
Non-Team,162,20,7,0
Non-Team,163,20,8,0
Non-Team,164,20,9,-84.772003
Non-Team,165,21,1,19.482
Non-Team,166,21,2,18.122999
Non-Team,167,21,3,20.702999
Non-Team,168,21,4,19.177999
Non-Team,169,21,5,11.175
Non-Team,170,21,6,7.2740002
Non-Team,171,21,7,10.673
Non-Team,172,21,8,3.802
Non-Team,173,21,9,-4.5970001
Non-Team,174,22,1,27.809
Non-Team,175,22,2,27.280001
Non-Team,176,22,3,11.495
Non-Team,177,22,4,11.577
Non-Team,178,22,5,0
Non-Team,179,22,6,0
Non-Team,180,22,7,0
Non-Team,181,22,8,0
Non-Team,182,22,9,-47.695999
Non-Team,183,23,1,0
Non-Team,184,23,2,0
Non-Team,185,23,3,0
Non-Team,186,23,4,0
Non-Team,187,23,5,0
Non-Team,188,23,6,0
Non-Team,189,23,7,0
Non-Team,190,23,8,0
Non-Team,191,23,9,0
Non-Team,192,24,1,0
Non-Team,193,24,2,16.561001
Non-Team,194,24,3,10.015
Non-Team,195,24,4,0
Non-Team,196,24,5,0
Non-Team,197,24,6,0
Non-Team,198,24,7,0
Non-Team,199,24,8,14.37
Non-Team,200,24,9,-20.018
Non-Team,201,25,1,11.419
Non-Team,202,25,2,11.759
Non-Team,203,25,3,11.26
Non-Team,204,25,4,11.168
Non-Team,205,25,5,0
Non-Team,206,25,6,0
Non-Team,207,25,7,13.434
Non-Team,208,25,8,12.738
Non-Team,209,25,9,-62.294998
Non-Team,210,26,1,0
Non-Team,211,26,2,0
Non-Team,212,26,3,0
Non-Team,213,26,4,0
Non-Team,214,26,5,0
Non-Team,215,26,6,0
Non-Team,216,26,7,0
Non-Team,217,26,8,0
Non-Team,218,26,9,0
Non-Team,219,27,1,0
Non-Team,220,27,2,0
Non-Team,221,27,3,0
Non-Team,222,27,4,0
Non-Team,223,27,5,0
Non-Team,224,27,6,0
Non-Team,225,27,7,0
Non-Team,226,27,8,0
Non-Team,227,27,9,0
Non-Team,228,28,1,0
Non-Team,229,28,2,0
Non-Team,230,28,3,0
Non-Team,231,28,4,0
Non-Team,232,28,5,0
Non-Team,233,28,6,0
Non-Team,234,28,7,0
Non-Team,235,28,8,0
Non-Team,236,28,9,0
Non-Team,237,29,1,34.509998
Non-Team,238,29,2,31.049
Non-Team,239,29,3,17.721001
Non-Team,240,29,4,13.001
Non-Team,241,29,5,-26.483999
Non-Team,242,29,6,-11.104
Non-Team,243,29,7,6.0250001
Non-Team,244,29,8,13.278
Non-Team,245,29,9,-8.4969997
Non-Team,246,30,1,12.129
Non-Team,247,30,2,12.276
Non-Team,248,30,3,11.831
Non-Team,249,30,4,23.913
Non-Team,250,30,5,0
Non-Team,251,30,6,0
Non-Team,252,30,7,29.737
Non-Team,253,30,8,48.601002
Non-Team,254,30,9,0
Non-Team,255,31,1,23.268
Non-Team,256,31,2,23.903999
Non-Team,257,31,3,0
Non-Team,258,31,4,0
Non-Team,259,31,5,0
Non-Team,260,31,6,0
Non-Team,261,31,7,19.002001
Non-Team,262,31,8,41.747002
Non-Team,263,31,9,111.042
Non-Team,264,32,1,0
Non-Team,265,32,2,0
Non-Team,266,32,3,107.082
Non-Team,267,32,4,0
Non-Team,268,32,5,0
Non-Team,269,32,6,0
Non-Team,270,32,7,0
Non-Team,271,32,8,0
Non-Team,272,32,9,0
Non-Team,273,33,1,0
Non-Team,274,33,2,0
Non-Team,275,33,3,0
Non-Team,276,33,4,0
Non-Team,277,33,5,0
Non-Team,278,33,6,0
Non-Team,279,33,7,0
Non-Team,280,33,8,0
Non-Team,281,33,9,0
Non-Team,282,34,1,-105.588
Non-Team,283,34,2,-93.878998
Non-Team,284,34,3,0
Non-Team,285,34,4,0
Non-Team,286,34,5,0
Non-Team,287,34,6,0
Non-Team,288,34,7,26.886999
Non-Team,289,34,8,27.312
Non-Team,290,34,9,53.747002
Non-Team,291,35,1,0
Non-Team,292,35,2,0
Non-Team,293,35,3,0
Non-Team,294,35,4,0
Non-Team,295,35,5,0
Non-Team,296,35,6,0
Non-Team,297,35,7,0
Non-Team,298,35,8,0
Non-Team,299,35,9,0
Non-Team,300,36,1,-151.707
Non-Team,301,36,2,-96.438004
Non-Team,302,36,3,-227.575
Non-Team,303,36,4,-44.953999
Non-Team,304,36,5,-8.1960001
Non-Team,305,36,6,.417
Non-Team,306,36,7,-19.357
Non-Team,307,36,8,-19.212
Non-Team,308,36,9,79.625
Non-Team,309,37,1,30.898001
Non-Team,310,37,2,25.667
Non-Team,311,37,3,21.919001
Non-Team,312,37,4,21.725
Non-Team,313,37,5,0
Non-Team,314,37,6,0
Non-Team,315,37,7,0
Non-Team,316,37,8,0
Non-Team,317,37,9,48.659
Non-Team,318,38,1,12.624
Non-Team,319,38,2,12.61
Non-Team,320,38,3,10.175
Non-Team,321,38,4,11.231
Non-Team,322,38,5,18.143
Non-Team,323,38,6,15.711
Non-Team,324,38,7,18.761999
Non-Team,325,38,8,19.032
Non-Team,326,38,9,53.005001
Non-Team,327,39,1,0
Non-Team,328,39,2,0
Non-Team,329,39,3,64.801003
Non-Team,330,39,4,62.219002
Non-Team,331,39,5,0
Non-Team,332,39,6,0
Non-Team,333,39,7,0
Non-Team,334,39,8,0
Non-Team,335,39,9,0
Non-Team,336,40,1,0
Non-Team,337,40,2,11.988
Non-Team,338,40,3,21.924
Non-Team,339,40,4,11.166
Non-Team,340,40,5,15.148
Non-Team,341,40,6,0
Non-Team,342,40,7,29.361
Non-Team,343,40,8,13.796
Non-Team,344,40,9,38.231998
Non-Team,345,41,1,0
Non-Team,346,41,2,0
Non-Team,347,41,3,12.105
Non-Team,348,41,4,11.358
Non-Team,349,41,5,-34.372002
Non-Team,350,41,6,0
Non-Team,351,41,7,0
Non-Team,352,41,8,0
Non-Team,353,41,9,24.665001
Non-Team,354,42,1,19.541
Non-Team,355,42,2,17.832001
Non-Team,356,42,3,26.018
Non-Team,357,42,4,21.870001
Non-Team,358,42,5,3.115
Non-Team,359,42,6,1.687
Non-Team,360,42,7,14.256
Non-Team,361,42,8,6.9359999
Non-Team,362,42,9,20.122999
Non-Team,363,43,1,22.410999
Non-Team,364,43,2,23.343
Non-Team,365,43,3,20.148001
Non-Team,366,43,4,21.506001
Non-Team,367,43,5,4.8109999
Non-Team,368,43,6,4.335
Non-Team,369,43,7,4.9229999
Non-Team,370,43,8,4.8990002
Non-Team,371,43,9,22.268999
Non-Team,372,44,1,0
Non-Team,373,44,2,0
Non-Team,374,44,3,0
Non-Team,375,44,4,0
Non-Team,376,44,5,0
Non-Team,377,44,6,0
Non-Team,378,44,7,0
Non-Team,379,44,8,0
Non-Team,380,44,9,0
Non-Team,381,45,1,33.173
Non-Team,382,45,2,33.963001
Non-Team,383,45,3,22.134001
Non-Team,384,45,4,22.474001
Non-Team,385,45,5,0
Non-Team,386,45,6,0
Non-Team,387,45,7,-20.037001
Non-Team,388,45,8,-19.247999
Non-Team,389,45,9,0
Non-Team,390,46,1,11.026
Non-Team,391,46,2,11.374
Non-Team,392,46,3,32.858002
Non-Team,393,46,4,34.328999
Non-Team,394,46,5,0
Non-Team,395,46,6,0
Non-Team,396,46,7,34.528999
Non-Team,397,46,8,0
Non-Team,398,46,9,0
Non-Team,399,47,1,1.1059999
Non-Team,400,47,2,1.108
Non-Team,401,47,3,1.071
Non-Team,402,47,4,0
Non-Team,403,47,5,0
Non-Team,404,47,6,0
Non-Team,405,47,7,0
Non-Team,406,47,8,0
Non-Team,407,47,9,0
Non-Team,408,48,1,17.648001
Non-Team,409,48,2,17.679001
Non-Team,410,48,3,16.437
Non-Team,411,48,4,19.339001
Non-Team,412,48,5,20.247999
Non-Team,413,48,6,17.617001
Non-Team,414,48,7,0
Non-Team,415,48,8,-18.809999
Non-Team,416,48,9,-12.207
Non-Team,417,49,1,-34.070999
Non-Team,418,49,2,-34.111
Non-Team,419,49,3,-106.84
Non-Team,420,49,4,-62.652
Non-Team,421,49,5,-4.0749998
Non-Team,422,49,6,4.2789998
Non-Team,423,49,7,5.5089998
Non-Team,424,49,8,4.9380002
Non-Team,425,49,9,-7.1409998
Non-Team,426,50,1,0
Non-Team,427,50,2,0
Non-Team,428,50,3,0
Non-Team,429,50,4,0
Non-Team,430,50,5,0
Non-Team,431,50,6,0
Non-Team,432,50,7,0
Non-Team,433,50,8,0
Non-Team,434,50,9,0
Non-Team,435,51,1,0
Non-Team,436,51,2,0
Non-Team,437,51,3,0
Non-Team,438,51,4,0
Non-Team,439,51,5,0
Non-Team,440,51,6,0
Non-Team,441,51,7,0
Non-Team,442,51,8,0
Non-Team,443,51,9,0
Non-Team,444,52,1,11.781
Non-Team,445,52,2,12.087
Non-Team,446,52,3,20.917
Non-Team,447,52,4,22.128
Non-Team,448,52,5,9.4119997
Non-Team,449,52,6,10.636
Non-Team,450,52,7,13.214
Non-Team,451,52,8,12.39
Non-Team,452,52,9,16.875999
Non-Team,453,53,1,0
Non-Team,454,53,2,0
Non-Team,455,53,3,0
Non-Team,456,53,4,0
Non-Team,457,53,5,0
Non-Team,458,53,6,0
Non-Team,459,53,7,0
Non-Team,460,53,8,0
Non-Team,461,53,9,0
Non-Team,462,54,1,0
Non-Team,463,54,2,0
Non-Team,464,54,3,0
Non-Team,465,54,4,0
Non-Team,466,54,5,0
Non-Team,467,54,6,0
Non-Team,468,54,7,0
Non-Team,469,54,8,0
Non-Team,470,54,9,0
Non-Team,471,55,1,0
Non-Team,472,55,2,0
Non-Team,473,55,3,0
Non-Team,474,55,4,0
Non-Team,475,55,5,0
Non-Team,476,55,6,0
Non-Team,477,55,7,0
Non-Team,478,55,8,0
Non-Team,479,55,9,0
Non-Team,480,56,1,0
Non-Team,481,56,2,0
Non-Team,482,56,3,0
Non-Team,483,56,4,0
Non-Team,484,56,5,0
Non-Team,485,56,6,0
Non-Team,486,56,7,0
Non-Team,487,56,8,0
Non-Team,488,56,9,0
Non-Team,489,57,1,0
Non-Team,490,57,2,0
Non-Team,491,57,3,0
Non-Team,492,57,4,0
Non-Team,493,57,5,0
Non-Team,494,57,6,0
Non-Team,495,57,7,0
Non-Team,496,57,8,0
Non-Team,497,57,9,0
Non-Team,498,58,1,0
Non-Team,499,58,2,0
Non-Team,500,58,3,0
Non-Team,501,58,4,0
Non-Team,502,58,5,0
Non-Team,503,58,6,0
Non-Team,504,58,7,0
Non-Team,505,58,8,0
Non-Team,506,58,9,0
Non-Team,507,59,1,0
Non-Team,508,59,2,54.348
Non-Team,509,59,3,0
Non-Team,510,59,4,0
Non-Team,511,59,5,0
Non-Team,512,59,6,0
Non-Team,513,59,7,0
Non-Team,514,59,8,0
Non-Team,515,59,9,97.419998
Non-Team,516,60,1,17.443001
Non-Team,517,60,2,17.450001
Non-Team,518,60,3,17.375
Non-Team,519,60,4,17.129999
Non-Team,520,60,5,0
Non-Team,521,60,6,-18.348
Non-Team,522,60,7,14.507
Non-Team,523,60,8,17.746
Non-Team,524,60,9,25.122
Non-Team,525,61,1,0
Non-Team,526,61,2,0
Non-Team,527,61,3,77.078003
Non-Team,528,61,4,28.768
Non-Team,529,61,5,0
Non-Team,530,61,6,0
Non-Team,531,61,7,0
Non-Team,532,61,8,0
Non-Team,533,61,9,0
Non-Team,534,62,1,0
Non-Team,535,62,2,0
Non-Team,536,62,3,0
Non-Team,537,62,4,0
Non-Team,538,62,5,-20.988001
Non-Team,539,62,6,-14.444
Non-Team,540,62,7,-61.874001
Non-Team,541,62,8,-63.330002
Non-Team,542,62,9,-81.725998
Non-Team,543,63,1,0
Non-Team,544,63,2,0
Non-Team,545,63,3,0
Non-Team,546,63,4,0
Non-Team,547,63,5,0
Non-Team,548,63,6,0
Non-Team,549,63,7,0
Non-Team,550,63,8,0
Non-Team,551,63,9,0
Non-Team,552,64,1,24.983999
Non-Team,553,64,2,39.063999
Non-Team,554,64,3,22.296
Non-Team,555,64,4,27.780001
Non-Team,556,64,5,10.332
Non-Team,557,64,6,10.7
Non-Team,558,64,7,.296
Non-Team,559,64,8,-1.045
Non-Team,560,64,9,-3.5769999
Non-Team,561,65,1,13.683
Non-Team,562,65,2,6.9580002
Non-Team,563,65,3,5.8920002
Non-Team,564,65,4,0
Non-Team,565,65,5,-19.09
Non-Team,566,65,6,19.09
Non-Team,567,65,7,-31.201
Non-Team,568,65,8,8.927
Non-Team,569,65,9,-65.594002
Non-Team,570,66,1,0
Non-Team,571,66,2,0
Non-Team,572,66,3,0
Non-Team,573,66,4,0
Non-Team,574,66,5,0
Non-Team,575,66,6,0
Non-Team,576,66,7,0
Non-Team,577,66,8,0
Non-Team,578,66,9,0
Non-Team,579,67,1,11.035
Non-Team,580,67,2,11.195
Non-Team,581,67,3,46.004002
Non-Team,582,67,4,46.250999
Non-Team,583,67,5,0
Non-Team,584,67,6,0
Non-Team,585,67,7,0
Non-Team,586,67,8,0
Non-Team,587,67,9,0
Non-Team,588,68,1,23.870001
Non-Team,589,68,2,0
Non-Team,590,68,3,20.256001
Non-Team,591,68,4,0
Non-Team,592,68,5,0
Non-Team,593,68,6,0
Non-Team,594,68,7,0
Non-Team,595,68,8,0
Non-Team,596,68,9,-88.181
Non-Team,597,69,1,0
Non-Team,598,69,2,0
Non-Team,599,69,3,0
Non-Team,600,69,4,0
Non-Team,601,69,5,0
Non-Team,602,69,6,0
Non-Team,603,69,7,0
Non-Team,604,69,8,0
Non-Team,605,69,9,0
Non-Team,606,70,1,-10.314
Non-Team,607,70,2,-47.827
Non-Team,608,70,3,-44.166
Non-Team,609,70,4,-42.285
Non-Team,610,70,5,24.412001
Non-Team,611,70,6,23.063
Non-Team,612,70,7,-67.949997
Non-Team,613,70,8,-52.59
Non-Team,614,70,9,-48.122002
Non-Team,615,71,1,23.785
Non-Team,616,71,2,14.733
Non-Team,617,71,3,20.278
Non-Team,618,71,4,21.861
Non-Team,619,71,5,10.239
Non-Team,620,71,6,7.5409999
Non-Team,621,71,7,-.093000002
Non-Team,622,71,8,-6.8600001
Non-Team,623,71,9,-13.991
Non-Team,624,72,1,22.384001
Non-Team,625,72,2,0
Non-Team,626,72,3,32.796001
Non-Team,627,72,4,21.677999
Non-Team,628,72,5,0
Non-Team,629,72,6,0
Non-Team,630,72,7,0
Non-Team,631,72,8,31.924999
Non-Team,632,72,9,-17.681999
Non-Team,633,73,1,0
Non-Team,634,73,2,21.384001
Non-Team,635,73,3,24.614
Non-Team,636,73,4,0
Non-Team,637,73,5,14.434
Non-Team,638,73,6,30.613001
Non-Team,639,73,7,-27.972
Non-Team,640,73,8,-31.844
Non-Team,641,73,9,-15.606
Non-Team,642,74,1,0
Non-Team,643,74,2,0
Non-Team,644,74,3,0
Non-Team,645,74,4,0
Non-Team,646,74,5,0
Non-Team,647,74,6,0
Non-Team,648,74,7,0
Non-Team,649,74,8,0
Non-Team,650,74,9,0
Non-Team,651,75,1,23.707001
Non-Team,652,75,2,16.386999
Non-Team,653,75,3,49.379002
Non-Team,654,75,4,60.578999
Non-Team,655,75,5,0
Non-Team,656,75,6,0
Non-Team,657,75,7,0
Non-Team,658,75,8,-1.99
Non-Team,659,75,9,-8.2919998
Non-Team,660,76,1,0
Non-Team,661,76,2,0
Non-Team,662,76,3,0
Non-Team,663,76,4,0
Non-Team,664,76,5,0
Non-Team,665,76,6,0
Non-Team,666,76,7,0
Non-Team,667,76,8,0
Non-Team,668,76,9,0
Non-Team,669,77,1,44.688999
Non-Team,670,77,2,0
Non-Team,671,77,3,22.753
Non-Team,672,77,4,0
Non-Team,673,77,5,58.981998
Non-Team,674,77,6,0
Non-Team,675,77,7,0
Non-Team,676,77,8,0
Non-Team,677,77,9,0
Non-Team,678,78,1,12.014
Non-Team,679,78,2,12.126
Non-Team,680,78,3,22.688999
Non-Team,681,78,4,10.941
Non-Team,682,78,5,13.939
Non-Team,683,78,6,14.833
Non-Team,684,78,7,-16.767
Non-Team,685,78,8,12.971
Non-Team,686,78,9,36.314999
Non-Team,687,79,1,2.1819999
Non-Team,688,79,2,2.089
Non-Team,689,79,3,.0080000004
Non-Team,690,79,4,-25.676001
Non-Team,691,79,5,-32.456001
Non-Team,692,79,6,-27.261
Non-Team,693,79,7,-35.519001
Non-Team,694,79,8,-29.511
Non-Team,695,79,9,-65.871002
Non-Team,696,80,1,29.336
Non-Team,697,80,2,29.624001
Non-Team,698,80,3,29.407
Non-Team,699,80,4,29.266001
Non-Team,700,80,5,0
Non-Team,701,80,6,0
Non-Team,702,80,7,0
Non-Team,703,80,8,0
Non-Team,704,80,9,0
Non-Team,705,81,1,0
Non-Team,706,81,2,0
Non-Team,707,81,3,27.506001
Non-Team,708,81,4,72.929001
Non-Team,709,81,5,0
Non-Team,710,81,6,0
Non-Team,711,81,7,0
Non-Team,712,81,8,0
Non-Team,713,81,9,0
Non-Team,714,82,1,12.11
Non-Team,715,82,2,3.793
Non-Team,716,82,3,37.409
Non-Team,717,82,4,32.007
Non-Team,718,82,5,7.9850001
Non-Team,719,82,6,7.072
Non-Team,720,82,7,9.6359997
Non-Team,721,82,8,8.7180004
Non-Team,722,82,9,6.8340001
Non-Team,723,83,1,5.9640002
Non-Team,724,83,2,19.809
Non-Team,725,83,3,18.882999
Non-Team,726,83,4,.80400002
Non-Team,727,83,5,2.4519999
Non-Team,728,83,6,-16.506001
Non-Team,729,83,7,10.054
Non-Team,730,83,8,-25.750999
Non-Team,731,83,9,-54.909
Non-Team,732,84,1,23.752001
Non-Team,733,84,2,.003
Non-Team,734,84,3,.0040000002
Non-Team,735,84,4,0
Non-Team,736,84,5,-16.385
Non-Team,737,84,6,16.683001
Non-Team,738,84,7,0
Non-Team,739,84,8,12.907
Non-Team,740,84,9,-.001
Non-Team,741,85,1,1.368
Non-Team,742,85,2,5.7729998
Non-Team,743,85,3,11.144
Non-Team,744,85,4,.132
Non-Team,745,85,5,-28.23
Non-Team,746,85,6,32.276001
Non-Team,747,85,7,19.155001
Non-Team,748,85,8,37.624001
Non-Team,749,85,9,-3.503
Non-Team,750,86,1,11.57
Non-Team,751,86,2,20.174
Non-Team,752,86,3,10.747
Non-Team,753,86,4,-5.618
Non-Team,754,86,5,18.938
Non-Team,755,86,6,0
Non-Team,756,86,7,37.285999
Non-Team,757,86,8,13.315
Non-Team,758,86,9,54.289001
Non-Team,759,87,1,0
Non-Team,760,87,2,0
Non-Team,761,87,3,0
Non-Team,762,87,4,0
Non-Team,763,87,5,0
Non-Team,764,87,6,0
Non-Team,765,87,7,0
Non-Team,766,87,8,0
Non-Team,767,87,9,0
Non-Team,768,88,1,1.2589999
Non-Team,769,88,2,-50.473
Non-Team,770,88,3,-134.205
Non-Team,771,88,4,-157.71899
Non-Team,772,88,5,1.425
Non-Team,773,88,6,4.5970001
Non-Team,774,88,7,-43.609001
Non-Team,775,88,8,-58.765999
Non-Team,776,88,9,-15.948
Non-Team,777,89,1,25.948999
Non-Team,778,89,2,11.777
Non-Team,779,89,3,10.545
Non-Team,780,89,4,10.645
Non-Team,781,89,5,-38.181
Non-Team,782,89,6,-31.447001
Non-Team,783,89,7,-25.181999
Non-Team,784,89,8,-39.408001
Non-Team,785,89,9,-15.257
Non-Team,786,90,1,-74.424004
Non-Team,787,90,2,-73.253998
Non-Team,788,90,3,-146.994
Non-Team,789,90,4,-83.232002
Non-Team,790,90,5,30.579
Non-Team,791,90,6,49.851002
Non-Team,792,90,7,0
Non-Team,793,90,8,0
Non-Team,794,90,9,0
Non-Team,795,91,1,11.704
Non-Team,796,91,2,12.606
Non-Team,797,91,3,11.656
Non-Team,798,91,4,11.779
Non-Team,799,91,5,13.436
Non-Team,800,91,6,14.181
Non-Team,801,91,7,-15.752
Non-Team,802,91,8,-39.259998
Non-Team,803,91,9,-10.986
Non-Team,804,92,1,0
Non-Team,805,92,2,0
Non-Team,806,92,3,0
Non-Team,807,92,4,0
Non-Team,808,92,5,0
Non-Team,809,92,6,0
Non-Team,810,92,7,0
Non-Team,811,92,8,0
Non-Team,812,92,9,0
Non-Team,813,93,1,0
Non-Team,814,93,2,0
Non-Team,815,93,3,0
Non-Team,816,93,4,0
Non-Team,817,93,5,0
Non-Team,818,93,6,0
Non-Team,819,93,7,0
Non-Team,820,93,8,0
Non-Team,821,93,9,0
Non-Team,822,94,1,0
Non-Team,823,94,2,0
Non-Team,824,94,3,0
Non-Team,825,94,4,0
Non-Team,826,94,5,0
Non-Team,827,94,6,0
Non-Team,828,94,7,0
Non-Team,829,94,8,0
Non-Team,830,94,9,0
Team Members,831,95,1,32.013
Team Members,832,95,2,2.0940001
Team Members,833,95,3,2.562
Team Members,834,95,4,2.303
Team Members,835,95,5,34.165001
Team Members,836,95,6,8.2299995
Team Members,837,95,7,45.037998
Team Members,838,95,8,77.101997
Team Members,839,95,9,84.984001
Team Members,840,96,1,45.422001
Team Members,841,96,2,38.384998
Team Members,842,96,3,0
Team Members,843,96,4,56.542999
Team Members,844,96,5,12.106
Team Members,845,96,6,-22.775
Team Members,846,96,7,0
Team Members,847,96,8,0
Team Members,848,96,9,0
Team Members,849,97,1,0
Team Members,850,97,2,-34.872002
Team Members,851,97,3,0
Team Members,852,97,4,-.175
Team Members,853,97,5,57.460999
Team Members,854,97,6,0
Team Members,855,97,7,-21.799999
Team Members,856,97,8,.0040000002
Team Members,857,97,9,-.138
Team Members,858,98,1,-111.304
Team Members,859,98,2,-32.792
Team Members,860,98,3,0
Team Members,861,98,4,-.207
Team Members,862,98,5,57.445
Team Members,863,98,6,0
Team Members,864,98,7,-34.917
Team Members,865,98,8,-.77899998
Team Members,866,98,9,-.066
Team Members,867,99,1,0
Team Members,868,99,2,0
Team Members,869,99,3,0
Team Members,870,99,4,0
Team Members,871,99,5,0
Team Members,872,99,6,0
Team Members,873,99,7,0
Team Members,874,99,8,0
Team Members,875,99,9,0
Team Members,876,100,1,45.379002
Team Members,877,100,2,-8.9779997
Team Members,878,100,3,-7.1009998
Team Members,879,100,4,-12.856
Team Members,880,100,5,23.940001
Team Members,881,100,6,4.724
Team Members,882,100,7,-1.181
Team Members,883,100,8,-1.323
Team Members,884,100,9,-30.638
Team Members,885,101,1,-.41499999
Team Members,886,101,2,-10.368
Team Members,887,101,3,-18.198999
Team Members,888,101,4,-24.504999
Team Members,889,101,5,38.425999
Team Members,890,101,6,-36.412998
Team Members,891,101,7,-13.009
Team Members,892,101,8,-1.1670001
Team Members,893,101,9,-6.4840002
Team Members,894,102,1,12.124
Team Members,895,102,2,21.254999
Team Members,896,102,3,-31.037001
Team Members,897,102,4,-23.156
Team Members,898,102,5,-239.386
Team Members,899,102,6,-18.507999
Team Members,900,102,7,34.301998
Team Members,901,102,8,66.990997
Team Members,902,102,9,-25.735001
Team Members,903,103,1,-39.254002
Team Members,904,103,2,0
Team Members,905,103,3,0
Team Members,906,103,4,-11.926
Team Members,907,103,5,-86.025002
Team Members,908,103,6,-25.187
Team Members,909,103,7,-12.264
Team Members,910,103,8,-24.482
Team Members,911,103,9,-12.237
Team Members,912,104,1,10.708
Team Members,913,104,2,44.658001
Team Members,914,104,3,-27.01
Team Members,915,104,4,7.5349998
Team Members,916,104,5,3.9460001
Team Members,917,104,6,26.709999
Team Members,918,104,7,-2.2520001
Team Members,919,104,8,-.65899998
Team Members,920,104,9,-31.261999
Team Members,921,105,1,30.735001
Team Members,922,105,2,14.096
Team Members,923,105,3,14.171
Team Members,924,105,4,12.78
Team Members,925,105,5,50.84
Team Members,926,105,6,0
Team Members,927,105,7,0
Team Members,928,105,8,0
Team Members,929,105,9,0
Team Members,930,106,1,0
Team Members,931,106,2,0
Team Members,932,106,3,0
Team Members,933,106,4,0
Team Members,934,106,5,78.853996
Team Members,935,106,6,0
Team Members,936,106,7,-38.317001
Team Members,937,106,8,0
Team Members,938,106,9,0
Team Members,939,107,1,53.369999
Team Members,940,107,2,-24.004999
Team Members,941,107,3,0
Team Members,942,107,4,-12.029
Team Members,943,107,5,39.158001
Team Members,944,107,6,19.09
Team Members,945,107,7,-9.5469999
Team Members,946,107,8,-1.145
Team Members,947,107,9,-.139
Team Members,948,108,1,32.862
Team Members,949,108,2,-31.926001
Team Members,950,108,3,0
Team Members,951,108,4,0
Team Members,952,108,5,27.6
Team Members,953,108,6,66.074997
Team Members,954,108,7,10.779
Team Members,955,108,8,-.41100001
Team Members,956,108,9,1.076
Team Members,957,109,1,0
Team Members,958,109,2,-35.084
Team Members,959,109,3,-34.806
Team Members,960,109,4,-24.280001
Team Members,961,109,5,30.636
Team Members,962,109,6,-26.865
Team Members,963,109,7,-11.133
Team Members,964,109,8,-11.149
Team Members,965,109,9,0
Team Members,966,110,1,0
Team Members,967,110,2,0
Team Members,968,110,3,0
Team Members,969,110,4,0
Team Members,970,110,5,0
Team Members,971,110,6,0
Team Members,972,110,7,0
Team Members,973,110,8,0
Team Members,974,110,9,0
Team Members,975,111,1,.37099999
Team Members,976,111,2,-.32699999
Team Members,977,111,3,0
Team Members,978,111,4,0
Team Members,979,111,5,80.907997
Team Members,980,111,6,0
Team Members,981,111,7,-31.688
Team Members,982,111,8,-5.3410001
Team Members,983,111,9,.713
Team Members,984,112,1,0
Team Members,985,112,2,0
Team Members,986,112,3,0
Team Members,987,112,4,0
Team Members,988,112,5,112.677
Team Members,989,112,6,0
Team Members,990,112,7,0
Team Members,991,112,8,0
Team Members,992,112,9,0
Team Members,993,113,1,28.658001
Team Members,994,113,2,-1.1210001
Team Members,995,113,3,0
Team Members,996,113,4,-1.7079999
Team Members,997,113,5,70.538002
Team Members,998,113,6,.23999999
Team Members,999,113,7,0
Team Members,1000,113,8,0
Team Members,1001,113,9,-.67500001
Team Members,1002,114,1,0
Team Members,1003,114,2,0
Team Members,1004,114,3,0
Team Members,1005,114,4,0
Team Members,1006,114,5,90.787003
Team Members,1007,114,6,0
Team Members,1008,114,7,0
Team Members,1009,114,8,0
Team Members,1010,114,9,54.539001
Team Members,1011,115,1,78.657997
Team Members,1012,115,2,0
Team Members,1013,115,3,0
Team Members,1014,115,4,0
Team Members,1015,115,5,69.139999
Team Members,1016,115,6,0
Team Members,1017,115,7,0
Team Members,1018,115,8,0
Team Members,1019,115,9,0
Team Members,1020,116,1,.48800001
Team Members,1021,116,2,67.921997
Team Members,1022,116,3,-86.096001
Team Members,1023,116,4,-65.916
Team Members,1024,116,5,.12899999
Team Members,1025,116,6,0
Team Members,1026,116,7,0
Team Members,1027,116,8,0
Team Members,1028,116,9,-13.454
Team Members,1029,117,1,24.905001
Team Members,1030,117,2,0
Team Members,1031,117,3,39.73
Team Members,1032,117,4,-10.81
Team Members,1033,117,5,21.641001
Team Members,1034,117,6,0
Team Members,1035,117,7,-14.125
Team Members,1036,117,8,-16.003
Team Members,1037,117,9,-14.136
Team Members,1038,118,1,-69.036003
Team Members,1039,118,2,0
Team Members,1040,118,3,-33.015999
Team Members,1041,118,4,0
Team Members,1042,118,5,-314.04401
Team Members,1043,118,6,.62699997
Team Members,1044,118,7,139.61099
Team Members,1045,118,8,-.22400001
Team Members,1046,118,9,-2.309
Team Members,1047,119,1,0
Team Members,1048,119,2,0
Team Members,1049,119,3,0
Team Members,1050,119,4,0
Team Members,1051,119,5,106.765
Team Members,1052,119,6,0
Team Members,1053,119,7,0
Team Members,1054,119,8,0
Team Members,1055,119,9,0
Team Members,1056,120,1,0
Team Members,1057,120,2,0
Team Members,1058,120,3,0
Team Members,1059,120,4,0
Team Members,1060,120,5,0
Team Members,1061,120,6,0
Team Members,1062,120,7,0
Team Members,1063,120,8,0
Team Members,1064,120,9,0
Team Members,1065,121,1,25.75
Team Members,1066,121,2,13.953
Team Members,1067,121,3,13.908
Team Members,1068,121,4,8.7469997
Team Members,1069,121,5,-203.297
Team Members,1070,121,6,28.407
Team Members,1071,121,7,-10.468
Team Members,1072,121,8,-28.596001
Team Members,1073,121,9,0
Team Members,1074,122,1,99.014
Team Members,1075,122,2,-21.819
Team Members,1076,122,3,.001
Team Members,1077,122,4,-44.062
Team Members,1078,122,5,0
Team Members,1079,122,6,-11.673
Team Members,1080,122,7,0
Team Members,1081,122,8,0
Team Members,1082,122,9,.001
Team Members,1083,123,1,-42.776001
Team Members,1084,123,2,-7.513
Team Members,1085,123,3,43.160999
Team Members,1086,123,4,29.051001
Team Members,1087,123,5,10.308
Team Members,1088,123,6,25.263
Team Members,1089,123,7,47.523998
Team Members,1090,123,8,19.377001
Team Members,1091,123,9,-14.077
Team Members,1092,124,1,29.393999
Team Members,1093,124,2,0
Team Members,1094,124,3,0
Team Members,1095,124,4,0
Team Members,1096,124,5,47.417
Team Members,1097,124,6,20.789
Team Members,1098,124,7,0
Team Members,1099,124,8,0
Team Members,1100,124,9,0
Team Members,1101,125,1,0
Team Members,1102,125,2,0
Team Members,1103,125,3,-80.319
Team Members,1104,125,4,-21.504999
Team Members,1105,125,5,20.236
Team Members,1106,125,6,0
Team Members,1107,125,7,0
Team Members,1108,125,8,0
Team Members,1109,125,9,-26.065001
Team Members,1110,126,1,0
Team Members,1111,126,2,0
Team Members,1112,126,3,194.23199
Team Members,1113,126,4,0
Team Members,1114,126,5,0
Team Members,1115,126,6,0
Team Members,1116,126,7,0
Team Members,1117,126,8,0
Team Members,1118,126,9,0
Team Members,1119,127,1,0
Team Members,1120,127,2,133.75999
Team Members,1121,127,3,0
Team Members,1122,127,4,0
Team Members,1123,127,5,54
Team Members,1124,127,6,0
Team Members,1125,127,7,0
Team Members,1126,127,8,0
Team Members,1127,127,9,0
Team Members,1128,128,1,0
Team Members,1129,128,2,0
Team Members,1130,128,3,0
Team Members,1131,128,4,0
Team Members,1132,128,5,0
Team Members,1133,128,6,0
Team Members,1134,128,7,0
Team Members,1135,128,8,0
Team Members,1136,128,9,0
Team Members,1137,129,1,18.778999
Team Members,1138,129,2,37.874001
Team Members,1139,129,3,6.6100001
Team Members,1140,129,4,60.881001
Team Members,1141,129,5,16.629
Team Members,1142,129,6,6.4380002
Team Members,1143,129,7,0
Team Members,1144,129,8,0
Team Members,1145,129,9,4.1360002
Team Members,1146,130,1,27.558001
Team Members,1147,130,2,-3.401
Team Members,1148,130,3,0
Team Members,1149,130,4,-16.138
Team Members,1150,130,5,89.214996
Team Members,1151,130,6,-8.6370001
Team Members,1152,130,7,-9.3850002
Team Members,1153,130,8,0
Team Members,1154,130,9,0
Team Members,1155,131,1,0
Team Members,1156,131,2,40.379002
Team Members,1157,131,3,0
Team Members,1158,131,4,50.291
Team Members,1159,131,5,0
Team Members,1160,131,6,0
Team Members,1161,131,7,0
Team Members,1162,131,8,0
Team Members,1163,131,9,0
Team Members,1164,132,1,0
Team Members,1165,132,2,-117.48
Team Members,1166,132,3,0
Team Members,1167,132,4,0
Team Members,1168,132,5,51.479
Team Members,1169,132,6,0
Team Members,1170,132,7,0
Team Members,1171,132,8,0
Team Members,1172,132,9,0
Team Members,1173,133,1,0
Team Members,1174,133,2,0
Team Members,1175,133,3,0
Team Members,1176,133,4,0
Team Members,1177,133,5,0
Team Members,1178,133,6,0
Team Members,1179,133,7,0
Team Members,1180,133,8,0
Team Members,1181,133,9,0
Team Members,1182,134,1,2.668
Team Members,1183,134,2,34.346001
Team Members,1184,134,3,3.4860001
Team Members,1185,134,4,31.518999
Team Members,1186,134,5,9.8839998
Team Members,1187,134,6,-7.0040002
Team Members,1188,134,7,-7.3979998
Team Members,1189,134,8,-7.375
Team Members,1190,134,9,-8.5869999
Team Members,1191,135,1,75.863998
Team Members,1192,135,2,-27.617001
Team Members,1193,135,3,-19.146
Team Members,1194,135,4,17.688999
Team Members,1195,135,5,0
Team Members,1196,135,6,0
Team Members,1197,135,7,0
Team Members,1198,135,8,0
Team Members,1199,135,9,-12.028
Team Members,1200,136,1,-55.548
Team Members,1201,136,2,-38.043999
Team Members,1202,136,3,0
Team Members,1203,136,4,0
Team Members,1204,136,5,20.707001
Team Members,1205,136,6,48.549999
Team Members,1206,136,7,0
Team Members,1207,136,8,0
Team Members,1208,136,9,-29.952999
Team Members,1209,137,1,-136.237
Team Members,1210,137,2,0
Team Members,1211,137,3,0
Team Members,1212,137,4,0
Team Members,1213,137,5,0
Team Members,1214,137,6,0
Team Members,1215,137,7,0
Team Members,1216,137,8,0
Team Members,1217,137,9,0
Team Members,1218,138,1,43.728001
Team Members,1219,138,2,-20.181
Team Members,1220,138,3,28.257999
Team Members,1221,138,4,0
Team Members,1222,138,5,26.392
Team Members,1223,138,6,-19.278999
Team Members,1224,138,7,-3.4319999
Team Members,1225,138,8,-6.3049998
Team Members,1226,138,9,-13.276
Team Members,1227,139,1,0
Team Members,1228,139,2,0
Team Members,1229,139,3,0
Team Members,1230,139,4,0
Team Members,1231,139,5,69.476997
Team Members,1232,139,6,0
Team Members,1233,139,7,-21.549999
Team Members,1234,139,8,-15.825
Team Members,1235,139,9,-21.132999
Team Members,1236,140,1,-5.5749998
Team Members,1237,140,2,0
Team Members,1238,140,3,0
Team Members,1239,140,4,0
Team Members,1240,140,5,91.958
Team Members,1241,140,6,0
Team Members,1242,140,7,-39.793999
Team Members,1243,140,8,-28.987
Team Members,1244,140,9,-7.4699998
Team Members,1245,141,1,-50.346001
Team Members,1246,141,2,-9.4069996
Team Members,1247,141,3,-8.158
Team Members,1248,141,4,-6.3850002
Team Members,1249,141,5,-77.904999
Team Members,1250,141,6,-24.278999
Team Members,1251,141,7,-12.157
Team Members,1252,141,8,-13.275
Team Members,1253,141,9,-31.540001
Team Members,1254,142,1,-146.95399
Team Members,1255,142,2,-.001
Team Members,1256,142,3,0
Team Members,1257,142,4,0
Team Members,1258,142,5,-.0089999996
Team Members,1259,142,6,81.926003
Team Members,1260,142,7,.003
Team Members,1261,142,8,.001
Team Members,1262,142,9,.001
Team Members,1263,143,1,27.783001
Team Members,1264,143,2,0
Team Members,1265,143,3,30.632
Team Members,1266,143,4,0
Team Members,1267,143,5,42.431999
Team Members,1268,143,6,25.525999
Team Members,1269,143,7,0
Team Members,1270,143,8,0
Team Members,1271,143,9,0
Team Members,1272,144,1,18.268
Team Members,1273,144,2,.278
Team Members,1274,144,3,14.432
Team Members,1275,144,4,0
Team Members,1276,144,5,28.705
Team Members,1277,144,6,0
Team Members,1278,144,7,-12.749
Team Members,1279,144,8,-6.2210002
Team Members,1280,144,9,24.193001
Team Members,1281,145,1,13.138
Team Members,1282,145,2,15.671
Team Members,1283,145,3,10.229
Team Members,1284,145,4,8.4639997
Team Members,1285,145,5,26.431
Team Members,1286,145,6,14.356
Team Members,1287,145,7,-17.635
Team Members,1288,145,8,-19.83
Team Members,1289,145,9,-19.355
Team Members,1290,146,1,13.479
Team Members,1291,146,2,10.018
Team Members,1292,146,3,-.068999998
Team Members,1293,146,4,-.001
Team Members,1294,146,5,-288.94299
Team Members,1295,146,6,-.0049999999
Team Members,1296,146,7,-10.388
Team Members,1297,146,8,-42.685001
Team Members,1298,146,9,-49.530998
Team Members,1299,147,1,32.616001
Team Members,1300,147,2,17.993
Team Members,1301,147,3,41.532001
Team Members,1302,147,4,16.825001
Team Members,1303,147,5,22.783001
Team Members,1304,147,6,10.559
Team Members,1305,147,7,0
Team Members,1306,147,8,20.134001
Team Members,1307,147,9,0
Team Members,1308,148,1,24.989
Team Members,1309,148,2,3.2479999
Team Members,1310,148,3,38.074001
Team Members,1311,148,4,35.560001
Team Members,1312,148,5,6.914
Team Members,1313,148,6,-2.6259999
Team Members,1314,148,7,-14.417
Team Members,1315,148,8,-15.883
Team Members,1316,148,9,-12.627
Team Members,1317,149,1,7.243
Team Members,1318,149,2,9.4169998
Team Members,1319,149,3,-20.84
Team Members,1320,149,4,-17.809
Team Members,1321,149,5,25.735001
Team Members,1322,149,6,0
Team Members,1323,149,7,-16.563999
Team Members,1324,149,8,-22.628
Team Members,1325,149,9,-7.6360002
Team Members,1326,150,1,-52.960999
Team Members,1327,150,2,-52.294998
Team Members,1328,150,3,-102.47
Team Members,1329,150,4,0
Team Members,1330,150,5,-529.67401
Team Members,1331,150,6,-29.886
Team Members,1332,150,7,19.362
Team Members,1333,150,8,-6.5419998
Team Members,1334,150,9,-.491
Team Members,1335,151,1,-58.777
Team Members,1336,151,2,13.258
Team Members,1337,151,3,-32.429001
Team Members,1338,151,4,-47.238998
Team Members,1339,151,5,15.584
Team Members,1340,151,6,19.726999
Team Members,1341,151,7,-11.319
Team Members,1342,151,8,-14.622
Team Members,1343,151,9,-11.838
Team Members,1344,152,1,40.535999
Team Members,1345,152,2,37.745998
Team Members,1346,152,3,6.6279998
Team Members,1347,152,4,7.4310002
Team Members,1348,152,5,22.250999
Team Members,1349,152,6,40.310001
Team Members,1350,152,7,-2.7320001
Team Members,1351,152,8,-5.3340001
Team Members,1352,152,9,-1.411
Team Members,1353,153,1,0
Team Members,1354,153,2,0
Team Members,1355,153,3,0
Team Members,1356,153,4,0
Team Members,1357,153,5,100.841
Team Members,1358,153,6,0
Team Members,1359,153,7,0
Team Members,1360,153,8,0
Team Members,1361,153,9,0
Team Members,1362,154,1,-22.298
Team Members,1363,154,2,5.809
Team Members,1364,154,3,8.8070002
Team Members,1365,154,4,13.165
Team Members,1366,154,5,40.028
Team Members,1367,154,6,10.859
Team Members,1368,154,7,17.068001
Team Members,1369,154,8,26.416
Team Members,1370,154,9,30.907
Team Members,1371,155,1,20.863001
Team Members,1372,155,2,-26.434
Team Members,1373,155,3,22.399
Team Members,1374,155,4,23.077999
Team Members,1375,155,5,16.877001
Team Members,1376,155,6,7.5970001
Team Members,1377,155,7,-13.106
Team Members,1378,155,8,-13.918
Team Members,1379,155,9,-11.101
Team Members,1380,156,1,-17.277
Team Members,1381,156,2,-4.8720002
Team Members,1382,156,3,-7.5840001
Team Members,1383,156,4,-7.5300002
Team Members,1384,156,5,29.944
Team Members,1385,156,6,0
Team Members,1386,156,7,-34.626999
Team Members,1387,156,8,-37.243
Team Members,1388,156,9,-36.681
Team Members,1389,157,1,27.385
Team Members,1390,157,2,0
Team Members,1391,157,3,45.484001
Team Members,1392,157,4,0
Team Members,1393,157,5,54.372002
Team Members,1394,157,6,0
Team Members,1395,157,7,0
Team Members,1396,157,8,0
Team Members,1397,157,9,0
Team Members,1398,158,1,47.723999
Team Members,1399,158,2,79.129997
Team Members,1400,158,3,0
Team Members,1401,158,4,0
Team Members,1402,158,5,25.701
Team Members,1403,158,6,-44.993999
Team Members,1404,158,7,0
Team Members,1405,158,8,0
Team Members,1406,158,9,0
Team Members,1407,159,1,0
Team Members,1408,159,2,-89.973999
Team Members,1409,159,3,-64.089996
Team Members,1410,159,4,0
Team Members,1411,159,5,0
Team Members,1412,159,6,0
Team Members,1413,159,7,0
Team Members,1414,159,8,-14.551
Team Members,1415,159,9,0
Team Members,1416,160,1,-3.0669999
Team Members,1417,160,2,13.002
Team Members,1418,160,3,-3.563
Team Members,1419,160,4,-4.8390002
Team Members,1420,160,5,-8.8950005
Team Members,1421,160,6,-4.2589998
Team Members,1422,160,7,-6.5050001
Team Members,1423,160,8,-8.2950001
Team Members,1424,160,9,-1.271
Team Members,1425,161,1,-48.227001
Team Members,1426,161,2,30.958
Team Members,1427,161,3,26.362
Team Members,1428,161,4,42.132
Team Members,1429,161,5,-55.224998
Team Members,1430,161,6,8.8290005
Team Members,1431,161,7,16.566999
Team Members,1432,161,8,18.353001
Team Members,1433,161,9,-6.875
Team Members,1434,162,1,0
Team Members,1435,162,2,0
Team Members,1436,162,3,0
Team Members,1437,162,4,0
Team Members,1438,162,5,0
Team Members,1439,162,6,0
Team Members,1440,162,7,0
Team Members,1441,162,8,0
Team Members,1442,162,9,0
Team Members,1443,163,1,15.98
Team Members,1444,163,2,-16.879999
Team Members,1445,163,3,-26.139999
Team Members,1446,163,4,-19.181
Team Members,1447,163,5,27.848
Team Members,1448,163,6,18.346001
Team Members,1449,163,7,-11.363
Team Members,1450,163,8,-12.465
Team Members,1451,163,9,-5.7709999
Team Members,1452,164,1,-15.481
Team Members,1453,164,2,-59.118
Team Members,1454,164,3,-4.552
Team Members,1455,164,4,14.735
Team Members,1456,164,5,36.728001
Team Members,1457,164,6,-.18000001
Team Members,1458,164,7,-8.5819998
Team Members,1459,164,8,-1.642
Team Members,1460,164,9,-29.825001
Team Members,1461,165,1,25.665001
Team Members,1462,165,2,14.498
Team Members,1463,165,3,13.828
Team Members,1464,165,4,15.35
Team Members,1465,165,5,21.830999
Team Members,1466,165,6,17.145
Team Members,1467,165,7,36.016998
Team Members,1468,165,8,15.501
Team Members,1469,165,9,45.882
Team Members,1470,166,1,23.719999
Team Members,1471,166,2,0
Team Members,1472,166,3,-21.841
Team Members,1473,166,4,-30.487
Team Members,1474,166,5,20.870001
Team Members,1475,166,6,0
Team Members,1476,166,7,-16.957001
Team Members,1477,166,8,-16.983999
Team Members,1478,166,9,-16.264
Team Members,1479,167,1,0
Team Members,1480,167,2,0
Team Members,1481,167,3,0
Team Members,1482,167,4,0
Team Members,1483,167,5,0
Team Members,1484,167,6,0
Team Members,1485,167,7,0
Team Members,1486,167,8,0
Team Members,1487,167,9,0
Team Members,1488,168,1,15.284
Team Members,1489,168,2,-1.9119999
Team Members,1490,168,3,33.115002
Team Members,1491,168,4,35.477001
Team Members,1492,168,5,6.5539999
Team Members,1493,168,6,10.12
Team Members,1494,168,7,-1.1670001
Team Members,1495,168,8,78.421997
Team Members,1496,168,9,106.698
Team Members,1497,169,1,23.846001
Team Members,1498,169,2,69.864998
Team Members,1499,169,3,-19.802999
Team Members,1500,169,4,-31.605
Team Members,1501,169,5,0
Team Members,1502,169,6,-33.742001
Team Members,1503,169,7,0
Team Members,1504,169,8,0
Team Members,1505,169,9,-26.658001
Team Members,1506,170,1,-51.403
Team Members,1507,170,2,-22.042999
Team Members,1508,170,3,-15.18
Team Members,1509,170,4,-2.6619999
Team Members,1510,170,5,62.651001
Team Members,1511,170,6,-9.0480003
Team Members,1512,170,7,-21.636
Team Members,1513,170,8,-7.4219999
Team Members,1514,170,9,1.9809999
Team Members,1515,171,1,0
Team Members,1516,171,2,0
Team Members,1517,171,3,0
Team Members,1518,171,4,0
Team Members,1519,171,5,0
Team Members,1520,171,6,0
Team Members,1521,171,7,0
Team Members,1522,171,8,0
Team Members,1523,171,9,0
Team Members,1524,172,1,0
Team Members,1525,172,2,0
Team Members,1526,172,3,0
Team Members,1527,172,4,0
Team Members,1528,172,5,0
Team Members,1529,172,6,0
Team Members,1530,172,7,0
Team Members,1531,172,8,0
Team Members,1532,172,9,0
Team Members,1533,173,1,0
Team Members,1534,173,2,56.973999
Team Members,1535,173,3,0
Team Members,1536,173,4,0
Team Members,1537,173,5,85.454002
Team Members,1538,173,6,0
Team Members,1539,173,7,0
Team Members,1540,173,8,0
Team Members,1541,173,9,21.714001
Team Members,1542,174,1,0
Team Members,1543,174,2,0
Team Members,1544,174,3,0
Team Members,1545,174,4,0
Team Members,1546,174,5,-378.73901
Team Members,1547,174,6,0
Team Members,1548,174,7,0
Team Members,1549,174,8,0
Team Members,1550,174,9,0
Team Members,1551,175,1,-188.02
Team Members,1552,175,2,-22.445
Team Members,1553,175,3,.152
Team Members,1554,175,4,0
Team Members,1555,175,5,1.202
Team Members,1556,175,6,-83.471001
Team Members,1557,175,7,-1.067
Team Members,1558,175,8,-1.3839999
Team Members,1559,175,9,0
Team Members,1560,176,1,30.125999
Team Members,1561,176,2,7.447
Team Members,1562,176,3,18.899
Team Members,1563,176,4,12.415
Team Members,1564,176,5,31.334
Team Members,1565,176,6,8.3870001
Team Members,1566,176,7,27.334
Team Members,1567,176,8,3.7090001
Team Members,1568,176,9,32.424999
Team Members,1569,177,1,0
Team Members,1570,177,2,0
Team Members,1571,177,3,0
Team Members,1572,177,4,0
Team Members,1573,177,5,50.752998
Team Members,1574,177,6,0
Team Members,1575,177,7,-36.969002
Team Members,1576,177,8,-21.351
Team Members,1577,177,9,0
Team Members,1578,178,1,42.515999
Team Members,1579,178,2,0
Team Members,1580,178,3,0
Team Members,1581,178,4,-13.307
Team Members,1582,178,5,62.205002
Team Members,1583,178,6,0
Team Members,1584,178,7,0
Team Members,1585,178,8,-15.042
Team Members,1586,178,9,0
Team Members,1587,179,1,0
Team Members,1588,179,2,0
Team Members,1589,179,3,0
Team Members,1590,179,4,0
Team Members,1591,179,5,0
Team Members,1592,179,6,0
Team Members,1593,179,7,0
Team Members,1594,179,8,0
Team Members,1595,179,9,0
Team Members,1596,180,1,0
Team Members,1597,180,2,0
Team Members,1598,180,3,0
Team Members,1599,180,4,0
Team Members,1600,180,5,50.506001
Team Members,1601,180,6,0
Team Members,1602,180,7,-31.74
Team Members,1603,180,8,0
Team Members,1604,180,9,-27.115
Team Members,1605,181,1,58.188999
Team Members,1606,181,2,0
Team Members,1607,181,3,0
Team Members,1608,181,4,0
Team Members,1609,181,5,40.950001
Team Members,1610,181,6,0
Team Members,1611,181,7,0
Team Members,1612,181,8,30.965
Team Members,1613,181,9,47.553001
Team Members,1614,182,1,0
Team Members,1615,182,2,0
Team Members,1616,182,3,0
Team Members,1617,182,4,0
Team Members,1618,182,5,53.105999
Team Members,1619,182,6,0
Team Members,1620,182,7,-58.629002
Team Members,1621,182,8,0
Team Members,1622,182,9,0
Team Members,1623,183,1,0
Team Members,1624,183,2,0
Team Members,1625,183,3,0
Team Members,1626,183,4,0
Team Members,1627,183,5,0
Team Members,1628,183,6,0
Team Members,1629,183,7,0
Team Members,1630,183,8,0
Team Members,1631,183,9,0
Team Members,1632,184,1,0
Team Members,1633,184,2,0
Team Members,1634,184,3,117.553
Team Members,1635,184,4,115.235
Team Members,1636,184,5,0
Team Members,1637,184,6,0
Team Members,1638,184,7,0
Team Members,1639,184,8,0
Team Members,1640,184,9,0
Team Members,1641,185,1,0
Team Members,1642,185,2,0
Team Members,1643,185,3,0
Team Members,1644,185,4,0
Team Members,1645,185,5,0
Team Members,1646,185,6,0
Team Members,1647,185,7,0
Team Members,1648,185,8,0
Team Members,1649,185,9,0
Team Members,1650,186,1,5.6599998
Team Members,1651,186,2,22.351
Team Members,1652,186,3,11.833
Team Members,1653,186,4,-.001
Team Members,1654,186,5,10.847
Team Members,1655,186,6,0
Team Members,1656,186,7,-6.1810002
Team Members,1657,186,8,14.129
Team Members,1658,186,9,-60.799
Team Members,1659,187,1,-3.0450001
Team Members,1660,187,2,-8.1739998
Team Members,1661,187,3,-6.5890002
Team Members,1662,187,4,-6.671
Team Members,1663,187,5,3.51
Team Members,1664,187,6,-6.8800001
Team Members,1665,187,7,-3.6110001
Team Members,1666,187,8,-3.8710001
Team Members,1667,187,9,-3.46
Team Members,1668,188,1,-34.958
Team Members,1669,188,2,-15.834
Team Members,1670,188,3,-9.9870005
Team Members,1671,188,4,-28.101999
Team Members,1672,188,5,-112.422
Team Members,1673,188,6,28.42
Team Members,1674,188,7,-15.049
Team Members,1675,188,8,-17.653
Team Members,1676,188,9,27.073999
Team Members,1677,189,1,67.153
Team Members,1678,189,2,0
Team Members,1679,189,3,0
Team Members,1680,189,4,0
Team Members,1681,189,5,54.098
Team Members,1682,189,6,0
Team Members,1683,189,7,0
Team Members,1684,189,8,0
Team Members,1685,189,9,0
Team Members,1686,190,1,0
Team Members,1687,190,2,0
Team Members,1688,190,3,0
Team Members,1689,190,4,0
Team Members,1690,190,5,0
Team Members,1691,190,6,0
Team Members,1692,190,7,0
Team Members,1693,190,8,0
Team Members,1694,190,9,0
Team Members,1695,191,1,0
Team Members,1696,191,2,0
Team Members,1697,191,3,0
Team Members,1698,191,4,0
Team Members,1699,191,5,0
Team Members,1700,191,6,0
Team Members,1701,191,7,0
Team Members,1702,191,8,0
Team Members,1703,191,9,0
